[{"title":"12 Years a Slave (2013)","ratingsGiven":3},{"title":"A Clockwork Orange (1971)","ratingsGiven":5},{"title":"Before Sunrise (1995)","ratingsGiven":4},{"title":"Ben-Hur (1959)","ratingsGiven":3},{"title":"Casino (1995)","ratingsGiven":4},{"title":"Chinatown (1974)","ratingsGiven":4},{"title":"Citizen Kane (1941)","ratingsGiven":5},{"title":"Die Hard (1988)","ratingsGiven":4},{"title":"Gone Girl (2014)","ratingsGiven":6},{"title":"Gone with the Wind (1939)","ratingsGiven":3},{"title":"Harry Potter and the Deathly Hallows: Part 2(2011)","ratingsGiven":8},{"title":"How to Train Your Dragon (2010)","ratingsGiven":2},{"title":"Infernal Affairs (2002)","ratingsGiven":3},{"title":"Into the Wild (2007)","ratingsGiven":1},{"title":"Lawrence of Arabia (1962)","ratingsGiven":5},{"title":"Life of Brian (1979)","ratingsGiven":3},{"title":"Mad Max: Fury Road (2015)","ratingsGiven":4},{"title":"Memento (2000)","ratingsGiven":3},{"title":"Monty Python and the Holy Grail (1975)","ratingsGiven":7},{"title":"My Neighbor Totoro (1988)","ratingsGiven":4},{"title":"Network (1976)","ratingsGiven":4},{"title":"Once Upon a Time in the West (1968)","ratingsGiven":6},{"title":"One Flew Over the Cuckoo's Nest (1975)","ratingsGiven":2},{"title":"Princess Mononoke (1997)","ratingsGiven":4},{"title":"Pulp Fiction (1994)","ratingsGiven":6},{"title":"Saving Private Ryan (1998)","ratingsGiven":6},{"title":"Shutter Island (2010)","ratingsGiven":2},{"title":"Some Like It Hot (1959)","ratingsGiven":6},{"title":"Stand by Me (1986)","ratingsGiven":4},{"title":"Star Wars: Episode V - The Empire Strikes Back(1980)","ratingsGiven":2},{"title":"Star Wars: Episode VI - Return of the Jedi (1983)","ratingsGiven":1},{"title":"The 400 Blows (1959)","ratingsGiven":3},{"title":"The Bourne Ultimatum (2007)","ratingsGiven":8},{"title":"The Bridge on the River Kwai (1957)","ratingsGiven":3},{"title":"The Godfather: Part II (1974)","ratingsGiven":3},{"title":"The Grand Budapest Hotel (2014)","ratingsGiven":9},{"title":"The King's Speech (2010)","ratingsGiven":4},{"title":"The Lion King (1994)","ratingsGiven":4},{"title":"The Lord of the Rings: The Two Towers (2002)","ratingsGiven":2},{"title":"The Matrix (1999)","ratingsGiven":3},{"title":"The Prestige (2006)","ratingsGiven":3},{"title":"Touch of Evil (1958)","ratingsGiven":2},{"title":"Toy Story 3 (2010)","ratingsGiven":3},{"title":"Underground (1995)","ratingsGiven":3},{"title":"Unforgiven (1992)","ratingsGiven":7}]