[{"name":"Amazon","playedBy":["bindbawdy","admincuttle","posteriorflowery","hurdlesurmise","sinceregrand","countrydecay","Siyka","Siyka","presidentsbasal","Pesho","inguinalself","baroquegainful","ionoriole","rateweed","rotoriginally","sinceregrand","ofliving","Pesho","presidentsbasal","sweethorseman","gluttonousraspberry","Pesho","cagedegyptian","advisersspry","gluttonousraspberry","hinneybiggest","diagramsadagio","monoxidecos"]},{"name":"Assassin","playedBy":["rotoriginally","brooklyndecent","rotoriginally","intpox","premiumseal","posteriorflowery","electfarty","potterssnarky","loosenoise","studentdroopy","skippingside","potterssnarky","potterssnarky","obliquepoof","hamtemple","nangindragon","rotoriginally"]},{"name":"Barbarian","playedBy":["Petya","slushyinflate","skirltremendous","nakov","terrifymarzipan","citiesgrill","printerstencils","inguinalself","bashsassafras","rateweed","yikeshydrostatic","inguinalself","evolvingimportant","shodepee","vladislav.karamfilov","bindbawdy","diagramsadagio","baleremuda","filknotation","crowncrackers","corruptpizz","ofliving","advisersspry","terrifymarzipan","Alex","slushyinflate","Siyka","bullockssip","baroquegainful","swingbark","nangindragon","brooklyndecent","buildingdeltoid","Stamat","rateweed"]},{"name":"Crusader","playedBy":["nakov","VGeorgiev","unfriendlyfurther","Pesho","baleremuda","Alex","bullockssip","posteriorflowery","electfarty","halleycurved","electfarty","hinneybiggest","rateweed","wagtailspicy","sinceregrand","cagedegyptian","nangindragon","ionoriole","slushyinflate","hurdlesurmise","citiesgrill","nakov","hamtemple","gluttonousraspberry"]},{"name":"Demon Hunter","playedBy":["darwinquotient","whiningdelay","baleremuda","cagedegyptian","warmbloodproclaim","rotoriginally","rotoriginally","hinneybiggest","hinneybiggest","irritatingdeter","sweethorseman","printerstencils","vladislav.karamfilov","monoxidecos","swingbark","shodepee","wagtailspicy","buildingdeltoid","ofliving","leakingpity","bashsassafras","swingbark","hamtemple","warmbloodproclaim","ofliving","skippingside","obliquepoof","crowncrackers","bullockssip"]},{"name":"Druid","playedBy":["posteriorflowery","Minka","admincuttle","Stamat","monoxidecos","vladislav.karamfilov","citiesgrill","virtuecoxcomb","citiesgrill","inguinalself","rateweed","evolvingimportant","loosenoise","rotoriginally","admincuttle","potterssnarky","buildingdeltoid","corruptpizz","diagramsadagio","whiningdelay","slushyinflate","obliquepoof","advisersspry","crowncrackers","potterssnarky","premiumseal","Pesho","irritatingdeter","buildingdeltoid","skippingside","chewyway"]},{"name":"Monk","playedBy":["swingbark","obliquepoof","monoxidecos","swingbark","chewyway","citiesgrill","premiumseal","potterssnarky","Stamat","printerstencils","gluttonousraspberry","evolvingimportant","fixedbucking","filknotation","leakingpity","warmbloodproclaim","hurdlesurmise","bindbawdy","vladislav.karamfilov","obliquepoof","corruptpizz","baroquegainful","warmbloodproclaim","printerstencils","fixedbucking","darwinquotient","printerstencils","irritatingdeter","cagedegyptian","admincuttle","terrifymarzipan","ionoriole"]},{"name":"Necromancer","playedBy":["nangindragon","Pesho","unchinmole","rateweed","virtuecoxcomb","corruptpizz","chewyway","nangindragon","ionoriole","ofliving","terrifymarzipan","premiumseal","premiumseal","hurdlesurmise","whiningdelay","warmbloodproclaim","sweethorseman","neutralgazump","potterssnarky","irritatingdeter","virtuecoxcomb","gluttonousraspberry","Siyka","chewyway","slushyinflate","bindbawdy"]},{"name":"Paladin","playedBy":["evolvingimportant","neutralgazump","Pesho","VGeorgiev","printerstencils","obliquepoof","unfriendlyfurther","brooklyndecent","Pesho","nakov","denyofficial","presidentsbasal","skirltremendous","countrydecay","karateperihelion","cagedegyptian","ionoriole","obliquepoof","filknotation","Petya","Petya","baleremuda","corruptpizz"]},{"name":"Sorceress","playedBy":["hurdlesurmise","baroquegainful","skippingside","baleremuda","irritatingdeter","warmbloodproclaim","bindbawdy","Pesho","buildingdeltoid","chewyway","nakov","studentdroopy","countrydecay","baroquegainful","Pesho","countrydecay","rotoriginally","leakingpity","skippingside","citiesgrill","corruptpizz","nangindragon","printerstencils","denyofficial","baroquegainful","vladislav.karamfilov","leakingpity","unfriendlyfurther"]},{"name":"Witch Doctor","playedBy":["rotoriginally","studentdroopy","filknotation","wagtailspicy","fixedbucking","Alex","gluttonousraspberry","nangindragon","nakov","ofliving","skirltremendous","slushyinflate","Alex","virtuecoxcomb","brooklyndecent","loosenoise","printerstencils","rotoriginally","denyofficial","unchinmole","loosenoise","admincuttle","rateweed","yikeshydrostatic","posteriorflowery","Stamat","terrifymarzipan"]},{"name":"Wizard","playedBy":["inguinalself","gluttonousraspberry","electfarty","Alex","unfriendlyfurther","printerstencils","hinneybiggest","hurdlesurmise","filknotation","loosenoise","hamtemple","neutralgazump","denyofficial","premiumseal","monoxidecos","karateperihelion","skippingside","slushyinflate","filknotation","VGeorgiev","advisersspry","Siyka","studentdroopy","Stamat"]}]