﻿<?xml version="1.0" encoding="utf-8"?>
<games>
  <game name="Ablajeck" duration="5">
    <users>
      <user username="potterssnarky" ip-address="129.74.12.234" />
      <user username="hurdlesurmise" ip-address="81.91.116.195" />
    </users>
  </game>
  <game name="Ablajeck" duration="9">
    <users>
      <user username="advisersspry" ip-address="100.97.183.157" />
    </users>
  </game>
  <game name="Abregado Rae" duration="8">
    <users>
      <user username="chewyway" ip-address="9.39.60.233" />
      <user username="Stamat" ip-address="180.166.72.243" />
    </users>
  </game>
  <game name="Abrion" duration="3">
    <users>
      <user username="vladislav.karamfilov" ip-address="84.191.139.65" />
    </users>
  </game>
  <game name="Acaeria" duration="8">
    <users>
      <user username="filknotation" ip-address="168.68.45.62" />
    </users>
  </game>
  <game name="Alderaan" duration="4">
    <users>
      <user username="baleremuda" ip-address="36.145.229.182" />
      <user username="Siyka" ip-address="188.77.78.178" />
    </users>
  </game>
  <game name="Allied Tion" duration="1">
    <users>
      <user username="advisersspry" ip-address="100.97.183.157" />
      <user username="sweethorseman" ip-address="174.165.203.176" />
      <user username="premiumseal" ip-address="226.176.107.50" />
      <user username="denyofficial" ip-address="97.251.110.7" />
    </users>
  </game>
  <game name="Amsterdam" duration="2">
    <users>
      <user username="yikeshydrostatic" ip-address="148.248.198.121" />
      <user username="unfriendlyfurther" ip-address="6.72.34.16" />
    </users>
  </game>
  <game name="Amsterdam" duration="7">
    <users>
      <user username="VGeorgiev" ip-address="74.212.145.183" />
      <user username="posteriorflowery" ip-address="105.26.72.120" />
      <user username="hurdlesurmise" ip-address="81.91.116.195" />
    </users>
  </game>
  <game name="Apple" duration="6">
    <users />
  </game>
  <game name="Boston">
    <users />
  </game>
  <game name="Brussels" duration="8">
    <users>
      <user username="hurdlesurmise" ip-address="81.91.116.195" />
      <user username="cagedegyptian" ip-address="228.44.241.182" />
    </users>
  </game>
  <game name="Bucharest" duration="7">
    <users>
      <user username="brooklyndecent" ip-address="160.49.15.18" />
      <user username="inguinalself" ip-address="255.111.250.207" />
      <user username="potterssnarky" ip-address="129.74.12.234" />
    </users>
  </game>
  <game name="Budapest" duration="7">
    <users>
      <user username="vladislav.karamfilov" ip-address="84.191.139.65" />
    </users>
  </game>
  <game name="California pepperberry">
    <users />
  </game>
  <game name="Calla lily white" duration="9">
    <users>
      <user username="obliquepoof" ip-address="44.128.204.194" />
    </users>
  </game>
  <game name="Cancún" duration="3">
    <users>
      <user username="slushyinflate" ip-address="156.197.106.224" />
      <user username="sweethorseman" ip-address="174.165.203.176" />
      <user username="premiumseal" ip-address="226.176.107.50" />
    </users>
  </game>
  <game name="Cape Town" duration="6">
    <users>
      <user username="nakov" ip-address="14.51.35.30" />
    </users>
  </game>
  <game name="Copenhagen" duration="8">
    <users>
      <user username="Siyka" ip-address="188.77.78.178" />
      <user username="whiningdelay" ip-address="249.109.98.206" />
    </users>
  </game>
  <game name="Daffodil" duration="2">
    <users>
      <user username="rotoriginally" ip-address="146.141.16.116" />
    </users>
  </game>
  <game name="Dahlia" duration="7">
    <users>
      <user username="rotoriginally" ip-address="146.141.16.116" />
    </users>
  </game>
  <game name="Dallas">
    <users />
  </game>
  <game name="Delhi" duration="8">
    <users>
      <user username="Petya" ip-address="134.108.213.164" />
    </users>
  </game>
  <game name="Dubai">
    <users>
      <user username="rateweed" ip-address="50.121.24.180" />
    </users>
  </game>
  <game name="Dublin" duration="6">
    <users>
      <user username="rotoriginally" ip-address="146.141.16.116" />
      <user username="rateweed" ip-address="50.121.24.180" />
    </users>
  </game>
  <game name="Edirne" duration="1">
    <users>
      <user username="skippingside" ip-address="88.28.151.138" />
      <user username="hamtemple" ip-address="93.236.115.232" />
    </users>
  </game>
  <game name="Eucalyptus seeded" duration="7">
    <users>
      <user username="printerstencils" ip-address="66.198.191.174" />
      <user username="Petya" ip-address="134.108.213.164" />
      <user username="bullockssip" ip-address="209.112.96.8" />
    </users>
  </game>
  <game name="Eucalyptus silver dollar" duration="7">
    <users>
      <user username="slushyinflate" ip-address="156.197.106.224" />
      <user username="Pesho" ip-address="211.246.110.53" />
    </users>
  </game>
  <game name="Everland" duration="5">
    <users>
      <user username="buildingdeltoid" ip-address="174.22.35.245" />
    </users>
  </game>
  <game name="Flax New Zealand" duration="7">
    <users>
      <user username="admincuttle" ip-address="110.112.182.73" />
      <user username="Alex" ip-address="116.33.3.1" />
    </users>
  </game>
  <game name="Forbidden City" duration="5">
    <users>
      <user username="studentdroopy" ip-address="75.221.109.65" />
    </users>
  </game>
  <game name="Gardenia" duration="8">
    <users>
      <user username="electfarty" ip-address="211.102.105.71" />
    </users>
  </game>
  <game name="Gayfeather" duration="2">
    <users>
      <user username="corruptpizz" ip-address="121.34.206.203" />
      <user username="printerstencils" ip-address="66.198.191.174" />
    </users>
  </game>
  <game name="Godetia" duration="7">
    <users />
  </game>
  <game name="Great Wall" duration="7">
    <users>
      <user username="gluttonousraspberry" ip-address="205.7.240.1" />
      <user username="printerstencils" ip-address="66.198.191.174" />
      <user username="rotoriginally" ip-address="146.141.16.116" />
      <user username="unfriendlyfurther" ip-address="6.72.34.16" />
    </users>
  </game>
  <game name="Hong Kong" duration="5">
    <users />
  </game>
  <game name="Honolulu" duration="4">
    <users>
      <user username="hinneybiggest" ip-address="24.147.195.22" />
    </users>
  </game>
  <game name="Houston" duration="8">
    <users>
      <user username="chewyway" ip-address="9.39.60.233" />
    </users>
  </game>
  <game name="Hydrangea" duration="3">
    <users />
  </game>
  <game name="Jakarta" duration="3">
    <users />
  </game>
  <game name="Kuala Lumpur" duration="1">
    <users>
      <user username="baroquegainful" ip-address="211.216.90.27" />
    </users>
  </game>
  <game name="Lake Mead" duration="7">
    <users>
      <user username="Siyka" ip-address="188.77.78.178" />
    </users>
  </game>
  <game name="Lily Monte Negro" duration="1">
    <users>
      <user username="irritatingdeter" ip-address="193.120.9.208" />
    </users>
  </game>
  <game name="Lily of the valley" duration="7">
    <users />
  </game>
  <game name="Lily Stargazer" duration="8">
    <users>
      <user username="swingbark" ip-address="149.7.102.160" />
    </users>
  </game>
  <game name="Lisbon" duration="6">
    <users>
      <user username="electfarty" ip-address="211.102.105.71" />
      <user username="wagtailspicy" ip-address="97.238.94.44" />
    </users>
  </game>
  <game name="London" duration="4">
    <users>
      <user username="baroquegainful" ip-address="211.216.90.27" />
      <user username="neutralgazump" ip-address="142.119.249.171" />
      <user username="chewyway" ip-address="9.39.60.233" />
      <user username="baroquegainful" ip-address="211.216.90.27" />
    </users>
  </game>
  <game name="Los Angeles" duration="8">
    <users />
  </game>
  <game name="Lotte World" duration="6">
    <users>
      <user username="printerstencils" ip-address="66.198.191.174" />
    </users>
  </game>
  <game name="Love in a mist" duration="5">
    <users>
      <user username="whiningdelay" ip-address="249.109.98.206" />
      <user username="sweethorseman" ip-address="174.165.203.176" />
    </users>
  </game>
  <game name="Macau" duration="1">
    <users>
      <user username="baroquegainful" ip-address="211.216.90.27" />
    </users>
  </game>
  <game name="Manila" duration="4">
    <users>
      <user username="vladislav.karamfilov" ip-address="84.191.139.65" />
      <user username="unfriendlyfurther" ip-address="6.72.34.16" />
    </users>
  </game>
  <game name="Mecca" duration="7">
    <users />
  </game>
  <game name="Melbourne" duration="8">
    <users />
  </game>
  <game name="Miami" duration="7">
    <users>
      <user username="unfriendlyfurther" ip-address="6.72.34.16" />
    </users>
  </game>
  <game name="Mimosa" duration="4">
    <users>
      <user username="countrydecay" ip-address="77.171.140.222" />
      <user username="Pesho" ip-address="211.246.110.53" />
      <user username="skippingside" ip-address="88.28.151.138" />
    </users>
  </game>
  <game name="Misty blue Limonium" duration="2">
    <users>
      <user username="ionoriole" ip-address="82.95.233.223" />
      <user username="VGeorgiev" ip-address="74.212.145.183" />
    </users>
  </game>
  <game name="Monte Cassino">
    <users>
      <user username="cagedegyptian" ip-address="228.44.241.182" />
    </users>
  </game>
  <game name="Montreal" duration="8">
    <users>
      <user username="hurdlesurmise" ip-address="81.91.116.195" />
    </users>
  </game>
  <game name="Moon orchid">
    <users>
      <user username="admincuttle" ip-address="110.112.182.73" />
    </users>
  </game>
  <game name="Mumbai" duration="1">
    <users />
  </game>
  <game name="Munich" duration="7">
    <users>
      <user username="citiesgrill" ip-address="69.48.171.4" />
    </users>
  </game>
  <game name="Nerine" duration="7">
    <users>
      <user username="neutralgazump" ip-address="142.119.249.171" />
      <user username="Pesho" ip-address="211.246.110.53" />
      <user username="printerstencils" ip-address="66.198.191.174" />
      <user username="virtuecoxcomb" ip-address="126.68.240.204" />
    </users>
  </game>
  <game name="Niagara Falls" duration="6">
    <users>
      <user username="rotoriginally" ip-address="146.141.16.116" />
    </users>
  </game>
  <game name="Orlando" duration="4">
    <users>
      <user username="nakov" ip-address="14.51.35.30" />
    </users>
  </game>
  <game name="Paris" duration="7">
    <users>
      <user username="terrifymarzipan" ip-address="136.208.113.14" />
      <user username="admincuttle" ip-address="110.112.182.73" />
    </users>
  </game>
  <game name="Pincushion" duration="6">
    <users>
      <user username="rateweed" ip-address="50.121.24.180" />
    </users>
  </game>
  <game name="Pincushion flower annual" duration="5">
    <users>
      <user username="hinneybiggest" ip-address="24.147.195.22" />
      <user username="nangindragon" ip-address="198.201.172.219" />
      <user username="slushyinflate" ip-address="156.197.106.224" />
      <user username="irritatingdeter" ip-address="193.120.9.208" />
    </users>
  </game>
  <game name="Prague" duration="8">
    <users />
  </game>
  <game name="Ranunculus" duration="2">
    <users />
  </game>
  <game name="Rio de Janeiro" duration="6">
    <users>
      <user username="ofliving" ip-address="39.114.238.223" />
    </users>
  </game>
  <game name="Rome" duration="5">
    <users>
      <user username="bindbawdy" ip-address="192.157.20.222" />
    </users>
  </game>
  <game name="Rose Bridal Pink" duration="2">
    <users>
      <user username="vladislav.karamfilov" ip-address="84.191.139.65" />
      <user username="rotoriginally" ip-address="146.141.16.116" />
    </users>
  </game>
  <game name="Rose Champagne" duration="6">
    <users>
      <user username="nakov" ip-address="14.51.35.30" />
      <user username="leakingpity" ip-address="113.238.74.11" />
    </users>
  </game>
  <game name="Rose Diadem" duration="5">
    <users>
      <user username="printerstencils" ip-address="66.198.191.174" />
      <user username="monoxidecos" ip-address="230.100.69.15" />
    </users>
  </game>
  <game name="Rose Osiana">
    <users />
  </game>
  <game name="Safari Sunset" duration="4">
    <users>
      <user username="presidentsbasal" ip-address="243.30.11.69" />
    </users>
  </game>
  <game name="Safflower">
    <users>
      <user username="Stamat" ip-address="180.166.72.243" />
    </users>
  </game>
  <game name="Sage perennial">
    <users />
  </game>
  <game name="São Paulo" duration="3">
    <users>
      <user username="potterssnarky" ip-address="129.74.12.234" />
      <user username="presidentsbasal" ip-address="243.30.11.69" />
      <user username="buildingdeltoid" ip-address="174.22.35.245" />
      <user username="baleremuda" ip-address="36.145.229.182" />
    </users>
  </game>
  <game name="Saxicola" duration="8">
    <users>
      <user username="swingbark" ip-address="149.7.102.160" />
    </users>
  </game>
  <game name="SeaWorld" duration="8">
    <users>
      <user username="corruptpizz" ip-address="121.34.206.203" />
    </users>
  </game>
  <game name="Seoul" duration="2">
    <users>
      <user username="baroquegainful" ip-address="211.216.90.27" />
      <user username="chewyway" ip-address="9.39.60.233" />
    </users>
  </game>
  <game name="Shanghai" duration="4">
    <users>
      <user username="citiesgrill" ip-address="69.48.171.4" />
      <user username="studentdroopy" ip-address="75.221.109.65" />
      <user username="ofliving" ip-address="39.114.238.223" />
    </users>
  </game>
  <game name="Six Flags" duration="2">
    <users>
      <user username="baroquegainful" ip-address="211.216.90.27" />
      <user username="darwinquotient" ip-address="145.94.245.251" />
      <user username="slushyinflate" ip-address="156.197.106.224" />
      <user username="bindbawdy" ip-address="192.157.20.222" />
      <user username="gluttonousraspberry" ip-address="205.7.240.1" />
      <user username="Stamat" ip-address="180.166.72.243" />
    </users>
  </game>
  <game name="Snapdragon apple blossom" duration="4">
    <users>
      <user username="bashsassafras" ip-address="128.252.225.27" />
      <user username="monoxidecos" ip-address="230.100.69.15" />
      <user username="karateperihelion" ip-address="153.41.84.164" />
    </users>
  </game>
  <game name="Solidaster" duration="2">
    <users>
      <user username="filknotation" ip-address="168.68.45.62" />
    </users>
  </game>
  <game name="St. Petersburg" duration="9">
    <users />
  </game>
  <game name="Stock lavender" duration="1">
    <users />
  </game>
  <game name="Stonehenge" duration="7">
    <users>
      <user username="Pesho" ip-address="211.246.110.53" />
      <user username="buildingdeltoid" ip-address="174.22.35.245" />
      <user username="posteriorflowery" ip-address="105.26.72.120" />
      <user username="terrifymarzipan" ip-address="136.208.113.14" />
    </users>
  </game>
  <game name="Strawberry banksia" duration="3">
    <users />
  </game>
  <game name="Sweet William" duration="2">
    <users>
      <user username="Stamat" ip-address="180.166.72.243" />
      <user username="nakov" ip-address="14.51.35.30" />
      <user username="loosenoise" ip-address="215.129.178.110" />
      <user username="presidentsbasal" ip-address="243.30.11.69" />
    </users>
  </game>
  <game name="Taipei" duration="2">
    <users>
      <user username="denyofficial" ip-address="97.251.110.7" />
    </users>
  </game>
  <game name="Telstar" duration="7">
    <users>
      <user username="slushyinflate" ip-address="156.197.106.224" />
      <user username="Pesho" ip-address="211.246.110.53" />
    </users>
  </game>
  <game name="Thorow-wax" duration="3">
    <users>
      <user username="studentdroopy" ip-address="75.221.109.65" />
    </users>
  </game>
  <game name="Tulip pink" duration="3">
    <users>
      <user username="bashsassafras" ip-address="128.252.225.27" />
    </users>
  </game>
  <game name="Victoria Peak" duration="1">
    <users />
  </game>
  <game name="Vienna" duration="4">
    <users>
      <user username="virtuecoxcomb" ip-address="126.68.240.204" />
    </users>
  </game>
  <game name="Warsaw" duration="2">
    <users>
      <user username="electfarty" ip-address="211.102.105.71" />
      <user username="nangindragon" ip-address="198.201.172.219" />
    </users>
  </game>
  <game name="Willow curly" duration="3">
    <users>
      <user username="sinceregrand" ip-address="168.89.155.169" />
      <user username="filknotation" ip-address="168.68.45.62" />
    </users>
  </game>
  <game name="Zürich" duration="3">
    <users>
      <user username="ofliving" ip-address="39.114.238.223" />
    </users>
  </game>
</games>