[{"username":"pmoore0","ratedMovies":[{"title":"Kill Bill: Vol. 1 (2003)","userRating":4},{"title":"Lagaan: Once Upon a Time in India (2001)","userRating":8},{"title":"Princess Mononoke (1997)","userRating":4},{"title":"Scarface (1983)","userRating":5},{"title":"Taxi Driver (1976)","userRating":5},{"title":"The Best Years of Our Lives (1946)","userRating":4}]},{"username":"tmurphy1","ratedMovies":[{"title":"Amores Perros (2000)","userRating":4},{"title":"Bicycle Thieves (1948)","userRating":5},{"title":"Castle in the Sky (1986)","userRating":5},{"title":"Prisoners (2013)","userRating":6},{"title":"The Bourne Ultimatum (2007)","userRating":8},{"title":"The Imitation Game (2014)","userRating":6},{"title":"The Treasure of the Sierra Madre (1948)","userRating":6}]},{"username":"gmartin2","ratedMovies":[{"title":"Pulp Fiction (1994)","userRating":6},{"title":"Raging Bull (1980)","userRating":3},{"title":"Requiem for a Dream (2000)","userRating":4}]},{"username":"cholmes3","ratedMovies":[{"title":"How to Train Your Dragon (2010)","userRating":2},{"title":"Interstellar (2014)","userRating":4},{"title":"Kill Bill: Vol. 1 (2003)","userRating":4},{"title":"Mad Max: Fury Road (2015)","userRating":4},{"title":"Roman Holiday (1953)","userRating":8},{"title":"Spring Summer Fall Winter... and Spring (2003)","userRating":5},{"title":"The Elephant Man (1980)","userRating":8}]},{"username":"tgrant4","ratedMovies":[{"title":"Amores Perros (2000)","userRating":4},{"title":"Gran Torino (2008)","userRating":7},{"title":"One Flew Over the Cuckoo's Nest (1975)","userRating":2},{"title":"Prisoners (2013)","userRating":6},{"title":"Stand by Me (1986)","userRating":4},{"title":"The Lord of the Rings: The Two Towers (2002)","userRating":2},{"title":"The Shawshank Redemption (1994)","userRating":2},{"title":"The Shining (1980)","userRating":6}]},{"username":"lcarroll5","ratedMovies":[{"title":"Anatomy of a Murder (1959)","userRating":3},{"title":"Ben-Hur (1959)","userRating":3},{"title":"Gladiator (2000)","userRating":6},{"title":"The Elephant Man (1980)","userRating":8},{"title":"Touch of Evil (1958)","userRating":2},{"title":"Toy Story 3 (2010)","userRating":3},{"title":"Witness for the Prosecution (1957)","userRating":5}]},{"username":"dmurray6","ratedMovies":[{"title":"Annie Hall (1977)","userRating":4},{"title":"Once Upon a Time in the West (1968)","userRating":6},{"title":"Requiem for a Dream (2000)","userRating":4},{"title":"The Intouchables (2011)","userRating":2},{"title":"Touch of Evil (1958)","userRating":2}]},{"username":"cbryant7","ratedMovies":[{"title":"Annie Hall (1977)","userRating":4},{"title":"Before Sunrise (1995)","userRating":4},{"title":"Inglourious Basterds (2009)","userRating":5},{"title":"Million Dollar Baby (2004)","userRating":2},{"title":"North by Northwest (1959)","userRating":0},{"title":"Witness for the Prosecution (1957)","userRating":5}]},{"username":"dwashington8","ratedMovies":[{"title":"A Clockwork Orange (1971)","userRating":5},{"title":"Once Upon a Time in the West (1968)","userRating":6},{"title":"Paths of Glory (1957)","userRating":2},{"title":"The Bridge on the River Kwai (1957)","userRating":3},{"title":"The Lion King (1994)","userRating":4}]},{"username":"dhansen9","ratedMovies":[{"title":"How to Train Your Dragon (2010)","userRating":2},{"title":"Princess Mononoke (1997)","userRating":4},{"title":"Saving Private Ryan (1998)","userRating":6},{"title":"Strangers on a Train (1951)","userRating":6},{"title":"The Dark Knight (2008)","userRating":5},{"title":"The Grand Budapest Hotel (2014)","userRating":9}]},{"username":"jhowarda","ratedMovies":[{"title":"Amores Perros (2000)","userRating":4},{"title":"Gran Torino (2008)","userRating":7},{"title":"Saving Private Ryan (1998)","userRating":6},{"title":"Touch of Evil (1958)","userRating":2}]},{"username":"tbennettb","ratedMovies":[{"title":"12 Years a Slave (2013)","userRating":3},{"title":"Amores Perros (2000)","userRating":4},{"title":"Casino (1995)","userRating":4},{"title":"Harry Potter and the Deathly Hallows: Part 2(2011)","userRating":8},{"title":"The Lord of the Rings: The Two Towers (2002)","userRating":2}]},{"username":"rwashingtonc","ratedMovies":[{"title":"3 Idiots (2009)","userRating":3},{"title":"City Lights (1931)","userRating":5},{"title":"La Strada (1954)","userRating":2},{"title":"Mad Max: Fury Road (2015)","userRating":4},{"title":"Memories of Murder (2003)","userRating":4},{"title":"Touch of Evil (1958)","userRating":2}]},{"username":"sfloresd","ratedMovies":[{"title":"Infernal Affairs (2002)","userRating":3},{"title":"Kill Bill: Vol. 1 (2003)","userRating":4},{"title":"Life of Brian (1979)","userRating":3},{"title":"Shutter Island (2010)","userRating":2},{"title":"The Matrix (1999)","userRating":3},{"title":"V for Vendetta (2005)","userRating":5}]},{"username":"dmontgomerye","ratedMovies":[{"title":"The Treasure of the Sierra Madre (1948)","userRating":6},{"title":"The Wages of Fear (1953)","userRating":3},{"title":"Underground (1995)","userRating":3}]},{"username":"malexanderf","ratedMovies":[{"title":"12 Years a Slave (2013)","userRating":3},{"title":"Before Sunset (2004)","userRating":7},{"title":"Taxi Driver (1976)","userRating":5},{"title":"The Imitation Game (2014)","userRating":6},{"title":"The Shining (1980)","userRating":6},{"title":"The Sting (1973)","userRating":4}]},{"username":"dchapmang","ratedMovies":[{"title":"Harry Potter and the Deathly Hallows: Part 2(2011)","userRating":8},{"title":"The Best Years of Our Lives (1946)","userRating":4},{"title":"The Elephant Man (1980)","userRating":8},{"title":"Who's Afraid of Virginia Woolf? (1966)","userRating":3}]},{"username":"mgeorgeh","ratedMovies":[{"title":"Ben-Hur (1959)","userRating":3},{"title":"Gandhi (1982)","userRating":5},{"title":"Prisoners (2013)","userRating":6},{"title":"Star Wars: Episode IV - A New Hope (1977)","userRating":4},{"title":"The Godfather: Part II (1974)","userRating":3},{"title":"The Grand Budapest Hotel (2014)","userRating":9},{"title":"The Sting (1973)","userRating":4},{"title":"The Wages of Fear (1953)","userRating":3}]},{"username":"rthompsoni","ratedMovies":[{"title":"12 Years a Slave (2013)","userRating":3},{"title":"Barry Lyndon (1975)","userRating":1},{"title":"Castle in the Sky (1986)","userRating":5},{"title":"The Matrix (1999)","userRating":3}]},{"username":"prodriguezj","ratedMovies":[{"title":"Lawrence of Arabia (1962)","userRating":5},{"title":"Raging Bull (1980)","userRating":3},{"title":"Shutter Island (2010)","userRating":2},{"title":"Stalker (1979)","userRating":4},{"title":"Stand by Me (1986)","userRating":4},{"title":"The Killing (1956)","userRating":5}]},{"username":"kscottk","ratedMovies":[{"title":"La Haine (1995)","userRating":2},{"title":"Memories of Murder (2003)","userRating":4},{"title":"Spring Summer Fall Winter... and Spring (2003)","userRating":5},{"title":"The Killing (1956)","userRating":5}]},{"username":"aandersonl","ratedMovies":[{"title":"A Clockwork Orange (1971)","userRating":5},{"title":"Metropolis (1927)","userRating":5},{"title":"Million Dollar Baby (2004)","userRating":2},{"title":"Monty Python and the Holy Grail (1975)","userRating":7},{"title":"Once Upon a Time in the West (1968)","userRating":6},{"title":"Some Like It Hot (1959)","userRating":6},{"title":"The Lives of Others (2006)","userRating":1},{"title":"To Kill a Mockingbird (1962)","userRating":5},{"title":"Wild Tales (2014)","userRating":5},{"title":"Witness for the Prosecution (1957)","userRating":5}]},{"username":"mcarpenterm","ratedMovies":[{"title":"12 Angry Men (1957)","userRating":5},{"title":"Cool Hand Luke (1967)","userRating":2},{"title":"My Neighbor Totoro (1988)","userRating":4},{"title":"Spirited Away (2001)","userRating":4}]},{"username":"shendersonn","ratedMovies":[{"title":"Life of Brian (1979)","userRating":3},{"title":"Monty Python and the Holy Grail (1975)","userRating":7},{"title":"Requiem for a Dream (2000)","userRating":4},{"title":"The Elephant Man (1980)","userRating":8},{"title":"The Lion King (1994)","userRating":4},{"title":"The Prestige (2006)","userRating":3},{"title":"Wild Tales (2014)","userRating":5}]},{"username":"pblacko","ratedMovies":[{"title":"Castle in the Sky (1986)","userRating":5},{"title":"Chinatown (1974)","userRating":4},{"title":"Goodfellas (1990)","userRating":4},{"title":"One Flew Over the Cuckoo's Nest (1975)","userRating":2},{"title":"Raging Bull (1980)","userRating":3},{"title":"V for Vendetta (2005)","userRating":5}]},{"username":"jhughesp","ratedMovies":[{"title":"Memento (2000)","userRating":3},{"title":"Scarface (1983)","userRating":5},{"title":"Star Wars: Episode IV - A New Hope (1977)","userRating":4},{"title":"The Big Sleep (1946)","userRating":5},{"title":"The Sting (1973)","userRating":4}]},{"username":"drodriguezq","ratedMovies":[{"title":"Interstellar (2014)","userRating":4},{"title":"The Avengers (2012)","userRating":7},{"title":"The Grapes of Wrath (1940)","userRating":3},{"title":"The Hustler (1961)","userRating":7},{"title":"The Lord of the Rings: The Two Towers (2002)","userRating":2}]},{"username":"dperezr","ratedMovies":[{"title":"The Godfather: Part II (1974)","userRating":3},{"title":"To Kill a Mockingbird (1962)","userRating":5}]},{"username":"kgrahams","ratedMovies":[{"title":"Bicycle Thieves (1948)","userRating":5},{"title":"Mary and Max (2009)","userRating":5},{"title":"Pulp Fiction (1994)","userRating":6},{"title":"The Prestige (2006)","userRating":3}]},{"username":"dburket","ratedMovies":[{"title":"Dr. Strangelove or: How I Learned to Stop Worrying and Love the Bomb (1964)","userRating":6},{"title":"Prisoners (2013)","userRating":6},{"title":"Pulp Fiction (1994)","userRating":6},{"title":"Taxi Driver (1976)","userRating":5},{"title":"The Imitation Game (2014)","userRating":6}]},{"username":"mbradleyu","ratedMovies":[{"title":"A Clockwork Orange (1971)","userRating":5},{"title":"All About Eve (1950)","userRating":3},{"title":"City Lights (1931)","userRating":5},{"title":"Finding Nemo (2003)","userRating":6},{"title":"The Grapes of Wrath (1940)","userRating":3},{"title":"The Hustler (1961)","userRating":7},{"title":"The Shining (1980)","userRating":6}]},{"username":"djenkinsv","ratedMovies":[{"title":"3 Idiots (2009)","userRating":3},{"title":"Django Unchained (2012)","userRating":4},{"title":"Saving Private Ryan (1998)","userRating":6}]},{"username":"pmorenow","ratedMovies":[{"title":"A Clockwork Orange (1971)","userRating":5},{"title":"Chinatown (1974)","userRating":4},{"title":"Donnie Darko (2001)","userRating":5},{"title":"Memento (2000)","userRating":3},{"title":"Pulp Fiction (1994)","userRating":6},{"title":"Shutter Island (2010)","userRating":2},{"title":"The Grapes of Wrath (1940)","userRating":3},{"title":"The Hustler (1961)","userRating":7},{"title":"The King's Speech (2010)","userRating":4}]},{"username":"lelliottx","ratedMovies":[{"title":"Django Unchained (2012)","userRating":4},{"title":"Lawrence of Arabia (1962)","userRating":5},{"title":"My Neighbor Totoro (1988)","userRating":4},{"title":"Touch of Evil (1958)","userRating":2}]},{"username":"jmeyery","ratedMovies":[{"title":"In the Name of the Father (1993)","userRating":3},{"title":"The Godfather: Part II (1974)","userRating":3},{"title":"The Help (2011)","userRating":2},{"title":"The Lion King (1994)","userRating":4},{"title":"The Terminator (1984)","userRating":0},{"title":"The Wizard of Oz (1939)","userRating":6}]},{"username":"whernandezz","ratedMovies":[{"title":"La Strada (1954)","userRating":2},{"title":"Million Dollar Baby (2004)","userRating":2},{"title":"Roman Holiday (1953)","userRating":8}]},{"username":"rgarcia10","ratedMovies":[{"title":"3 Idiots (2009)","userRating":3},{"title":"Finding Nemo (2003)","userRating":6},{"title":"Lawrence of Arabia (1962)","userRating":5},{"title":"Monsters Inc. (2001)","userRating":7},{"title":"Network (1976)","userRating":4},{"title":"North by Northwest (1959)","userRating":0},{"title":"The King's Speech (2010)","userRating":4},{"title":"The Shawshank Redemption (1994)","userRating":2}]},{"username":"dwest11","ratedMovies":[{"title":"Before Sunrise (1995)","userRating":4},{"title":"Goodfellas (1990)","userRating":4},{"title":"In the Name of the Father (1993)","userRating":3},{"title":"The Killing (1956)","userRating":5},{"title":"The Lion King (1994)","userRating":4},{"title":"The Shawshank Redemption (1994)","userRating":2},{"title":"Who's Afraid of Virginia Woolf? (1966)","userRating":3}]},{"username":"cgonzales12","ratedMovies":[{"title":"Memories of Murder (2003)","userRating":4},{"title":"Se7en (1995)","userRating":1},{"title":"Strangers on a Train (1951)","userRating":6},{"title":"The Prestige (2006)","userRating":3}]},{"username":"bmendoza13","ratedMovies":[{"title":"Citizen Kane (1941)","userRating":5},{"title":"The Bridge on the River Kwai (1957)","userRating":3},{"title":"The Dark Knight Rises (2012)","userRating":5},{"title":"The Lord of the Rings: The Two Towers (2002)","userRating":2},{"title":"There Will Be Blood (2007)","userRating":6},{"title":"Warrior (2011)","userRating":4}]},{"username":"awilson14","ratedMovies":[{"title":"A Clockwork Orange (1971)","userRating":5},{"title":"Star Wars: Episode V - The Empire Strikes Back(1980)","userRating":2},{"title":"Taxi Driver (1976)","userRating":5}]},{"username":"jtucker15","ratedMovies":[{"title":"Lawrence of Arabia (1962)","userRating":5},{"title":"My Neighbor Totoro (1988)","userRating":4},{"title":"The Prestige (2006)","userRating":3}]},{"username":"hmurray16","ratedMovies":[{"title":"All About Eve (1950)","userRating":3},{"title":"North by Northwest (1959)","userRating":0},{"title":"Requiem for a Dream (2000)","userRating":4},{"title":"The 400 Blows (1959)","userRating":3}]},{"username":"amorgan17","ratedMovies":[{"title":"A Beautiful Mind (2001)","userRating":4},{"title":"All About Eve (1950)","userRating":3},{"title":"Casablanca (1942)","userRating":7},{"title":"Gone Girl (2014)","userRating":6},{"title":"Stand by Me (1986)","userRating":4},{"title":"The Hustler (1961)","userRating":7}]},{"username":"anichols18","ratedMovies":[{"title":"12 Years a Slave (2013)","userRating":3},{"title":"Django Unchained (2012)","userRating":4},{"title":"The Intouchables (2011)","userRating":2}]},{"username":"mreyes19","ratedMovies":[{"title":"The Graduate (1967)","userRating":1}]},{"username":"cnichols1a","ratedMovies":[{"title":"Monsters Inc. (2001)","userRating":7},{"title":"Taxi Driver (1976)","userRating":5},{"title":"The 400 Blows (1959)","userRating":3},{"title":"Trainspotting (1996)","userRating":3},{"title":"Warrior (2011)","userRating":4}]},{"username":"pclark1b","ratedMovies":[{"title":"Before Sunrise (1995)","userRating":4},{"title":"Star Wars: Episode IV - A New Hope (1977)","userRating":4}]},{"username":"adavis1c","ratedMovies":[{"title":"Braveheart (1995)","userRating":3},{"title":"In the Name of the Father (1993)","userRating":3},{"title":"Requiem for a Dream (2000)","userRating":4},{"title":"Some Like It Hot (1959)","userRating":6},{"title":"There Will Be Blood (2007)","userRating":6}]},{"username":"emartinez1d","ratedMovies":[{"title":"Ben-Hur (1959)","userRating":3},{"title":"Die Hard (1988)","userRating":4},{"title":"Finding Nemo (2003)","userRating":6},{"title":"Million Dollar Baby (2004)","userRating":2},{"title":"Who's Afraid of Virginia Woolf? (1966)","userRating":3}]},{"username":"crussell1e","ratedMovies":[{"title":"Casino (1995)","userRating":4},{"title":"Gone with the Wind (1939)","userRating":3},{"title":"Indiana Jones and the Last Crusade (1989)","userRating":4},{"title":"La Strada (1954)","userRating":2},{"title":"Lagaan: Once Upon a Time in India (2001)","userRating":8},{"title":"Memories of Murder (2003)","userRating":4},{"title":"North by Northwest (1959)","userRating":0},{"title":"The Big Lebowski (1998)","userRating":3},{"title":"The Dark Knight (2008)","userRating":5},{"title":"The Kid (1921)","userRating":7},{"title":"The Lord of the Rings: The Two Towers (2002)","userRating":2},{"title":"To Kill a Mockingbird (1962)","userRating":5}]},{"username":"along1f","ratedMovies":[{"title":"Scarface (1983)","userRating":5},{"title":"Unforgiven (1992)","userRating":7},{"title":"Witness for the Prosecution (1957)","userRating":5}]},{"username":"efields1g","ratedMovies":[{"title":"Anatomy of a Murder (1959)","userRating":3},{"title":"Lagaan: Once Upon a Time in India (2001)","userRating":8},{"title":"Network (1976)","userRating":4},{"title":"The Lord of the Rings: The Two Towers (2002)","userRating":2}]},{"username":"vnguyen1h","ratedMovies":[{"title":"Django Unchained (2012)","userRating":4},{"title":"Gladiator (2000)","userRating":6},{"title":"In the Name of the Father (1993)","userRating":3},{"title":"Platoon (1986)","userRating":3},{"title":"The Hunt (2012)","userRating":3},{"title":"The Lord of the Rings: The Fellowship of the Ring(2001)","userRating":5},{"title":"The Matrix (1999)","userRating":3},{"title":"The Silence of the Lambs (1991)","userRating":2}]},{"username":"bedwards1i","ratedMovies":[{"title":"How to Train Your Dragon (2010)","userRating":2},{"title":"Roman Holiday (1953)","userRating":8},{"title":"Se7en (1995)","userRating":1},{"title":"The Bourne Ultimatum (2007)","userRating":8}]},{"username":"jgibson1j","ratedMovies":[{"title":"Amores Perros (2000)","userRating":4},{"title":"Citizen Kane (1941)","userRating":5},{"title":"M (1931)","userRating":1},{"title":"The Night of the Hunter (1955)","userRating":4}]},{"username":"rgibson1k","ratedMovies":[{"title":"Goodfellas (1990)","userRating":4},{"title":"Princess Mononoke (1997)","userRating":4},{"title":"The Shawshank Redemption (1994)","userRating":2},{"title":"The Treasure of the Sierra Madre (1948)","userRating":6}]},{"username":"mparker1l","ratedMovies":[{"title":"Ben-Hur (1959)","userRating":3},{"title":"Mad Max: Fury Road (2015)","userRating":4},{"title":"The Lion King (1994)","userRating":4},{"title":"The Sting (1973)","userRating":4}]},{"username":"amason1m","ratedMovies":[{"title":"Once Upon a Time in the West (1968)","userRating":6},{"title":"Requiem for a Dream (2000)","userRating":4},{"title":"Scarface (1983)","userRating":5},{"title":"The Avengers (2012)","userRating":7},{"title":"The Big Sleep (1946)","userRating":5},{"title":"Touch of Evil (1958)","userRating":2}]},{"username":"bhamilton1n","ratedMovies":[{"title":"Barry Lyndon (1975)","userRating":1},{"title":"Cool Hand Luke (1967)","userRating":2},{"title":"Lagaan: Once Upon a Time in India (2001)","userRating":8},{"title":"Prisoners (2013)","userRating":6},{"title":"Star Wars: Episode V - The Empire Strikes Back(1980)","userRating":2},{"title":"Underground (1995)","userRating":3}]},{"username":"sscott1o","ratedMovies":[{"title":"Ran (1985)","userRating":5},{"title":"The Kid (1921)","userRating":7}]},{"username":"bjohnson1p","ratedMovies":[{"title":"Into the Wild (2007)","userRating":1},{"title":"Mary and Max (2009)","userRating":5},{"title":"Raging Bull (1980)","userRating":3},{"title":"The Grapes of Wrath (1940)","userRating":3},{"title":"The Sting (1973)","userRating":4}]},{"username":"emurray1q","ratedMovies":[{"title":"Gone Girl (2014)","userRating":6},{"title":"Gone with the Wind (1939)","userRating":3},{"title":"Platoon (1986)","userRating":3},{"title":"The Intouchables (2011)","userRating":2},{"title":"Toy Story 3 (2010)","userRating":3}]},{"username":"mmoore1r","ratedMovies":[{"title":"12 Years a Slave (2013)","userRating":3},{"title":"The Big Lebowski (1998)","userRating":3},{"title":"The Bridge on the River Kwai (1957)","userRating":3}]},{"username":"ksims1s","ratedMovies":[{"title":"Die Hard (1988)","userRating":4},{"title":"Lagaan: Once Upon a Time in India (2001)","userRating":8},{"title":"Monsters Inc. (2001)","userRating":7},{"title":"Prisoners (2013)","userRating":6},{"title":"Star Wars: Episode V - The Empire Strikes Back(1980)","userRating":2},{"title":"The Prestige (2006)","userRating":3}]},{"username":"mking1t","ratedMovies":[{"title":"Gone with the Wind (1939)","userRating":3},{"title":"How to Train Your Dragon (2010)","userRating":2},{"title":"Inglourious Basterds (2009)","userRating":5},{"title":"Mary and Max (2009)","userRating":5},{"title":"Metropolis (1927)","userRating":5},{"title":"The Shining (1980)","userRating":6}]},{"username":"rcarr1u","ratedMovies":[{"title":"Barry Lyndon (1975)","userRating":1},{"title":"Django Unchained (2012)","userRating":4},{"title":"Dr. Strangelove or: How I Learned to Stop Worrying and Love the Bomb (1964)","userRating":6},{"title":"Into the Wild (2007)","userRating":1},{"title":"Metropolis (1927)","userRating":5},{"title":"Paths of Glory (1957)","userRating":2}]}]