[
  {
    "isbn": "991270425-8",
    "title": "12 Angry Men (1957)",
    "ageRestriction": 1
  },
  {
    "isbn": "308270318-6",
    "title": "12 Years a Slave (2013)",
    "ageRestriction": 2
  },
  {
    "isbn": "453527261-1",
    "title": "3 Idiots (2009)",
    "ageRestriction": 0
  },
  {
    "isbn": "518306831-3",
    "title": "A Beautiful Mind (2001)",
    "ageRestriction": 1
  },
  {
    "isbn": "178300857-1",
    "title": "A Clockwork Orange (1971)",
    "ageRestriction": 2
  },
  {
    "isbn": "760780861-2",
    "title": "All About Eve (1950)",
    "ageRestriction": 0
  },
  {
    "isbn": "653288544-4",
    "title": "Amores Perros (2000)",
    "ageRestriction": 1
  },
  {
    "isbn": "845008613-2",
    "title": "Anatomy of a Murder (1959)",
    "ageRestriction": 0
  },
  {
    "isbn": "004105549-7",
    "title": "Annie Hall (1977)",
    "ageRestriction": 0
  },
  {
    "isbn": "221360545-9",
    "title": "Barry Lyndon (1975)",
    "ageRestriction": 0
  },
  {
    "isbn": "918671907-6",
    "title": "Before Sunrise (1995)",
    "ageRestriction": 2
  },
  {
    "isbn": "186189393-0",
    "title": "Before Sunset (2004)",
    "ageRestriction": 0
  },
  {
    "isbn": "168752022-4",
    "title": "Ben-Hur (1959)",
    "ageRestriction": 2
  },
  {
    "isbn": "203452973-1",
    "title": "Bicycle Thieves (1948)",
    "ageRestriction": 0
  },
  {
    "isbn": "759134374-2",
    "title": "Braveheart (1995)",
    "ageRestriction": 1
  },
  {
    "isbn": "368085837-X",
    "title": "Casablanca (1942)",
    "ageRestriction": 0
  },
  {
    "isbn": "713687560-9",
    "title": "Casino (1995)",
    "ageRestriction": 2
  },
  {
    "isbn": "830211566-5",
    "title": "Castle in the Sky (1986)",
    "ageRestriction": 0
  },
  {
    "isbn": "145920032-2",
    "title": "Chinatown (1974)",
    "ageRestriction": 2
  },
  {
    "isbn": "996263555-1",
    "title": "Citizen Kane (1941)",
    "ageRestriction": 2
  },
  {
    "isbn": "163718543-X",
    "title": "City Lights (1931)",
    "ageRestriction": 1
  },
  {
    "isbn": "996922754-8",
    "title": "Cool Hand Luke (1967)",
    "ageRestriction": 1
  },
  {
    "isbn": "451558493-6",
    "title": "Das Boot (1981)",
    "ageRestriction": 0
  },
  {
    "isbn": "995248859-9",
    "title": "Die Hard (1988)",
    "ageRestriction": 2
  },
  {
    "isbn": "685416258-0",
    "title": "Django Unchained (2012)",
    "ageRestriction": 1
  },
  {
    "isbn": "398377709-0",
    "title": "Donnie Darko (2001)",
    "ageRestriction": 1
  },
  {
    "isbn": "159485877-2",
    "title": "Dr. Strangelove or: How I Learned to Stop Worrying and Love the Bomb (1964)",
    "ageRestriction": 0
  },
  {
    "isbn": "826949258-2",
    "title": "Finding Nemo (2003)",
    "ageRestriction": 0
  },
  {
    "isbn": "282990643-8",
    "title": "Gandhi (1982)",
    "ageRestriction": 0
  },
  {
    "isbn": "496048692-9",
    "title": "Gladiator (2000)",
    "ageRestriction": 0
  },
  {
    "isbn": "595886096-8",
    "title": "Gone Girl (2014)",
    "ageRestriction": 2
  },
  {
    "isbn": "296505214-3",
    "title": "Gone with the Wind (1939)",
    "ageRestriction": 2
  },
  {
    "isbn": "818098605-5",
    "title": "Goodfellas (1990)",
    "ageRestriction": 1
  },
  {
    "isbn": "230685292-8",
    "title": "Gran Torino (2008)",
    "ageRestriction": 1
  },
  {
    "isbn": "546217593-0",
    "title": "Harry Potter and the Deathly Hallows: Part 2(2011)",
    "ageRestriction": 2
  },
  {
    "isbn": "033293371-7",
    "title": "Heat (1995)",
    "ageRestriction": 0
  },
  {
    "isbn": "950857029-6",
    "title": "How to Train Your Dragon (2010)",
    "ageRestriction": 2
  },
  {
    "isbn": "621062208-9",
    "title": "In the Name of the Father (1993)",
    "ageRestriction": 0
  },
  {
    "isbn": "833984687-6",
    "title": "Indiana Jones and the Last Crusade (1989)",
    "ageRestriction": 0
  },
  {
    "isbn": "448367915-5",
    "title": "Infernal Affairs (2002)",
    "ageRestriction": 2
  },
  {
    "isbn": "535892759-X",
    "title": "Inglourious Basterds (2009)",
    "ageRestriction": 1
  },
  {
    "isbn": "545610533-0",
    "title": "Interstellar (2014)",
    "ageRestriction": 0
  },
  {
    "isbn": "011820430-0",
    "title": "Into the Wild (2007)",
    "ageRestriction": 2
  },
  {
    "isbn": "777565498-8",
    "title": "It's a Wonderful Life (1946)",
    "ageRestriction": 1
  },
  {
    "isbn": "386265529-6",
    "title": "Kill Bill: Vol. 1 (2003)",
    "ageRestriction": 0
  },
  {
    "isbn": "916936848-1",
    "title": "La Haine (1995)",
    "ageRestriction": 1
  },
  {
    "isbn": "064553220-7",
    "title": "La Strada (1954)",
    "ageRestriction": 1
  },
  {
    "isbn": "435551301-7",
    "title": "Lagaan: Once Upon a Time in India (2001)",
    "ageRestriction": 0
  },
  {
    "isbn": "857069003-7",
    "title": "Lawrence of Arabia (1962)",
    "ageRestriction": 2
  },
  {
    "isbn": "832500498-3",
    "title": "Le Samouraï (1967)",
    "ageRestriction": 0
  },
  {
    "isbn": "479609849-6",
    "title": "Léon: The Professional (1994)",
    "ageRestriction": 1
  },
  {
    "isbn": "102180708-7",
    "title": "Life of Brian (1979)",
    "ageRestriction": 2
  },
  {
    "isbn": "470549077-0",
    "title": "M (1931)",
    "ageRestriction": 0
  },
  {
    "isbn": "994207961-0",
    "title": "Mad Max: Fury Road (2015)",
    "ageRestriction": 2
  },
  {
    "isbn": "753355152-4",
    "title": "Mary and Max (2009)",
    "ageRestriction": 1
  },
  {
    "isbn": "819588069-X",
    "title": "Memento (2000)",
    "ageRestriction": 2
  },
  {
    "isbn": "519680973-2",
    "title": "Memories of Murder (2003)",
    "ageRestriction": 0
  },
  {
    "isbn": "341876828-8",
    "title": "Metropolis (1927)",
    "ageRestriction": 1
  },
  {
    "isbn": "292760458-4",
    "title": "Million Dollar Baby (2004)",
    "ageRestriction": 1
  },
  {
    "isbn": "688435337-6",
    "title": "Monsters Inc. (2001)",
    "ageRestriction": 1
  },
  {
    "isbn": "626274457-6",
    "title": "Monty Python and the Holy Grail (1975)",
    "ageRestriction": 2
  },
  {
    "isbn": "111773133-2",
    "title": "My Neighbor Totoro (1988)",
    "ageRestriction": 2
  },
  {
    "isbn": "677965579-1",
    "title": "Network (1976)",
    "ageRestriction": 2
  },
  {
    "isbn": "942501513-9",
    "title": "North by Northwest (1959)",
    "ageRestriction": 0
  },
  {
    "isbn": "973489955-4",
    "title": "Once Upon a Time in the West (1968)",
    "ageRestriction": 2
  },
  {
    "isbn": "723898864-X",
    "title": "One Flew Over the Cuckoo's Nest (1975)",
    "ageRestriction": 2
  },
  {
    "isbn": "649350641-7",
    "title": "Papillon (1973)",
    "ageRestriction": 1
  },
  {
    "isbn": "234730923-4",
    "title": "Paths of Glory (1957)",
    "ageRestriction": 0
  },
  {
    "isbn": "657716771-0",
    "title": "Pirates of the Caribbean: The Curse of the Black Pearl (2003)",
    "ageRestriction": 0
  },
  {
    "isbn": "243082196-6",
    "title": "Platoon (1986)",
    "ageRestriction": 0
  },
  {
    "isbn": "507448705-6",
    "title": "Princess Mononoke (1997)",
    "ageRestriction": 2
  },
  {
    "isbn": "660097222-X",
    "title": "Prisoners (2013)",
    "ageRestriction": 1
  },
  {
    "isbn": "366340039-5",
    "title": "Pulp Fiction (1994)",
    "ageRestriction": 2
  },
  {
    "isbn": "643772842-6",
    "title": "Raging Bull (1980)",
    "ageRestriction": 1
  },
  {
    "isbn": "160229250-7",
    "title": "Ran (1985)",
    "ageRestriction": 1
  },
  {
    "isbn": "901611270-7",
    "title": "Requiem for a Dream (2000)",
    "ageRestriction": 0
  },
  {
    "isbn": "346057577-8",
    "title": "Roman Holiday (1953)",
    "ageRestriction": 0
  },
  {
    "isbn": "092627057-5",
    "title": "Saving Private Ryan (1998)",
    "ageRestriction": 2
  },
  {
    "isbn": "913952331-4",
    "title": "Scarface (1983)",
    "ageRestriction": 1
  },
  {
    "isbn": "144332332-2",
    "title": "Se7en (1995)",
    "ageRestriction": 0
  },
  {
    "isbn": "841961291-X",
    "title": "Shutter Island (2010)",
    "ageRestriction": 2
  },
  {
    "isbn": "385432160-0",
    "title": "Some Like It Hot (1959)",
    "ageRestriction": 2
  },
  {
    "isbn": "682093079-8",
    "title": "Spirited Away (2001)",
    "ageRestriction": 1
  },
  {
    "isbn": "508675473-9",
    "title": "Spring Summer Fall Winter... and Spring (2003)",
    "ageRestriction": 0
  },
  {
    "isbn": "945308954-0",
    "title": "Stalker (1979)",
    "ageRestriction": 1
  },
  {
    "isbn": "599359762-3",
    "title": "Stand by Me (1986)",
    "ageRestriction": 2
  },
  {
    "isbn": "245126901-4",
    "title": "Star Wars: Episode IV - A New Hope (1977)",
    "ageRestriction": 1
  },
  {
    "isbn": "515607912-1",
    "title": "Star Wars: Episode V - The Empire Strikes Back(1980)",
    "ageRestriction": 2
  },
  {
    "isbn": "460868622-4",
    "title": "Star Wars: Episode VI - Return of the Jedi (1983)",
    "ageRestriction": 2
  },
  {
    "isbn": "372836173-9",
    "title": "Strangers on a Train (1951)",
    "ageRestriction": 0
  },
  {
    "isbn": "960172299-8",
    "title": "Taxi Driver (1976)",
    "ageRestriction": 0
  },
  {
    "isbn": "708882807-3",
    "title": "The 400 Blows (1959)",
    "ageRestriction": 2
  },
  {
    "isbn": "917311738-2",
    "title": "The Avengers (2012)",
    "ageRestriction": 0
  },
  {
    "isbn": "089249398-4",
    "title": "The Best Years of Our Lives (1946)",
    "ageRestriction": 1
  },
  {
    "isbn": "354380262-3",
    "title": "The Big Lebowski (1998)",
    "ageRestriction": 1
  },
  {
    "isbn": "230508695-4",
    "title": "The Big Sleep (1946)",
    "ageRestriction": 1
  },
  {
    "isbn": "857570246-7",
    "title": "The Bourne Ultimatum (2007)",
    "ageRestriction": 2
  },
  {
    "isbn": "058162706-7",
    "title": "The Bridge on the River Kwai (1957)",
    "ageRestriction": 2
  },
  {
    "isbn": "320877923-2",
    "title": "The Dark Knight Rises (2012)",
    "ageRestriction": 1
  },
  {
    "isbn": "027037362-4",
    "title": "The Dark Knight (2008)",
    "ageRestriction": 0
  },
  {
    "isbn": "683752612-X",
    "title": "The Elephant Man (1980)",
    "ageRestriction": 0
  },
  {
    "isbn": "342622516-6",
    "title": "The Godfather: Part II (1974)",
    "ageRestriction": 2
  },
  {
    "isbn": "654056951-3",
    "title": "The Graduate (1967)",
    "ageRestriction": 1
  },
  {
    "isbn": "726379192-7",
    "title": "The Grand Budapest Hotel (2014)",
    "ageRestriction": 2
  },
  {
    "isbn": "602410197-X",
    "title": "The Grapes of Wrath (1940)",
    "ageRestriction": 0
  },
  {
    "isbn": "630078017-1",
    "title": "The Help (2011)",
    "ageRestriction": 0
  },
  {
    "isbn": "345104606-7",
    "title": "The Hunt (2012)",
    "ageRestriction": 1
  },
  {
    "isbn": "211868397-9",
    "title": "The Hustler (1961)",
    "ageRestriction": 1
  },
  {
    "isbn": "103248182-X",
    "title": "The Imitation Game (2014)",
    "ageRestriction": 0
  },
  {
    "isbn": "062311272-8",
    "title": "The Intouchables (2011)",
    "ageRestriction": 0
  },
  {
    "isbn": "550153483-5",
    "title": "The Kid (1921)",
    "ageRestriction": 0
  },
  {
    "isbn": "695841701-1",
    "title": "The Killing (1956)",
    "ageRestriction": 0
  },
  {
    "isbn": "792301802-2",
    "title": "The King's Speech (2010)",
    "ageRestriction": 2
  },
  {
    "isbn": "351315357-0",
    "title": "The Lion King (1994)",
    "ageRestriction": 2
  },
  {
    "isbn": "146826306-4",
    "title": "The Lives of Others (2006)",
    "ageRestriction": 0
  },
  {
    "isbn": "093951503-2",
    "title": "The Lord of the Rings: The Fellowship of the Ring(2001)",
    "ageRestriction": 1
  },
  {
    "isbn": "853859411-7",
    "title": "The Lord of the Rings: The Two Towers (2002)",
    "ageRestriction": 2
  },
  {
    "isbn": "380895718-2",
    "title": "The Matrix (1999)",
    "ageRestriction": 2
  },
  {
    "isbn": "606898329-3",
    "title": "The Night of the Hunter (1955)",
    "ageRestriction": 1
  },
  {
    "isbn": "816647965-6",
    "title": "The Prestige (2006)",
    "ageRestriction": 2
  },
  {
    "isbn": "594754738-4",
    "title": "The Shawshank Redemption (1994)",
    "ageRestriction": 0
  },
  {
    "isbn": "790319651-0",
    "title": "The Shining (1980)",
    "ageRestriction": 1
  },
  {
    "isbn": "412364318-3",
    "title": "The Silence of the Lambs (1991)",
    "ageRestriction": 1
  },
  {
    "isbn": "446985987-7",
    "title": "The Sting (1973)",
    "ageRestriction": 0
  },
  {
    "isbn": "965999761-2",
    "title": "The Terminator (1984)",
    "ageRestriction": 0
  },
  {
    "isbn": "916368123-4",
    "title": "The Treasure of the Sierra Madre (1948)",
    "ageRestriction": 0
  },
  {
    "isbn": "018933187-9",
    "title": "The Wages of Fear (1953)",
    "ageRestriction": 0
  },
  {
    "isbn": "191956416-0",
    "title": "The Wizard of Oz (1939)",
    "ageRestriction": 0
  },
  {
    "isbn": "722399277-8",
    "title": "There Will Be Blood (2007)",
    "ageRestriction": 1
  },
  {
    "isbn": "370216731-5",
    "title": "To Kill a Mockingbird (1962)",
    "ageRestriction": 1
  },
  {
    "isbn": "836139636-5",
    "title": "Touch of Evil (1958)",
    "ageRestriction": 2
  },
  {
    "isbn": "711447659-0",
    "title": "Toy Story 3 (2010)",
    "ageRestriction": 2
  },
  {
    "isbn": "597031520-6",
    "title": "Trainspotting (1996)",
    "ageRestriction": 1
  },
  {
    "isbn": "261796245-8",
    "title": "Underground (1995)",
    "ageRestriction": 2
  },
  {
    "isbn": "787954316-3",
    "title": "Unforgiven (1992)",
    "ageRestriction": 2
  },
  {
    "isbn": "020774966-3",
    "title": "V for Vendetta (2005)",
    "ageRestriction": 1
  },
  {
    "isbn": "856454851-8",
    "title": "Vertigo (1958)",
    "ageRestriction": 1
  },
  {
    "isbn": "979677302-3",
    "title": "Warrior (2011)",
    "ageRestriction": 1
  },
  {
    "isbn": "158155123-1",
    "title": "Who's Afraid of Virginia Woolf? (1966)",
    "ageRestriction": 1
  },
  {
    "isbn": "822455813-4",
    "title": "Wild Tales (2014)",
    "ageRestriction": 0
  },
  {
    "isbn": "588556893-6",
    "title": "Witness for the Prosecution (1957)",
    "ageRestriction": 0
  }
]