[
  {
    "username": "pmoore0",
    "age": null,
    "email": "blynch0@hubpages.com",
    "country": null
  },
  {
    "username": "tmurphy1",
    "age": 41,
    "email": "esimpson1@mlb.com",
    "country": null
  },
  {
    "username": "gmartin2",
    "age": null,
    "email": "gsullivan2@cocolog-nifty.com",
    "country": null
  },
  {
    "username": "cholmes3",
    "age": 52,
    "email": "nfoster3@answers.com",
    "country": "Indonesia"
  },
  {
    "username": "tgrant4",
    "age": 55,
    "email": "bcruz4@house.gov",
    "country": "Afghanistan"
  },
  {
    "username": "lcarroll5",
    "age": null,
    "email": "bjacobs5@state.tx.us",
    "country": null
  },
  {
    "username": "dmurray6",
    "age": 33,
    "email": "scarter6@telegraph.co.uk",
    "country": null
  },
  {
    "username": "cbryant7",
    "age": null,
    "email": "jsanders7@economist.com",
    "country": null
  },
  {
    "username": "dwashington8",
    "age": 37,
    "email": "dfowler8@house.gov",
    "country": null
  },
  {
    "username": "dhansen9",
    "age": 57,
    "email": "dlane9@quantcast.com",
    "country": null
  },
  {
    "username": "jhowarda",
    "age": 48,
    "email": "jlewisa@sciencedaily.com",
    "country": "Colombia"
  },
  {
    "username": "tbennettb",
    "age": 45,
    "email": "rfrazierb@si.edu",
    "country": null
  },
  {
    "username": "rwashingtonc",
    "age": 19,
    "email": "jwilliamsc@bandcamp.com",
    "country": "Norway"
  },
  {
    "username": "sfloresd",
    "age": null,
    "email": "smorrisd@ning.com",
    "country": null
  },
  {
    "username": "dmontgomerye",
    "age": 39,
    "email": "kkellye@prweb.com",
    "country": null
  },
  {
    "username": "malexanderf",
    "age": 17,
    "email": "chamiltonf@seesaa.net",
    "country": null
  },
  {
    "username": "dchapmang",
    "age": null,
    "email": "mpattersong@whitehouse.gov",
    "country": null
  },
  {
    "username": "mgeorgeh",
    "age": null,
    "email": "jrussellh@wunderground.com",
    "country": null
  },
  {
    "username": "rthompsoni",
    "age": null,
    "email": "lhanseni@surveymonkey.com",
    "country": null
  },
  {
    "username": "prodriguezj",
    "age": null,
    "email": "jwilliamsonj@nhs.uk",
    "country": "Dominican Republic"
  },
  {
    "username": "kscottk",
    "age": 19,
    "email": "dmedinak@google.com.br",
    "country": null
  },
  {
    "username": "aandersonl",
    "age": 50,
    "email": "jlewisl@vinaora.com",
    "country": null
  },
  {
    "username": "mcarpenterm",
    "age": null,
    "email": "dfisherm@about.me",
    "country": "Ukraine"
  },
  {
    "username": "shendersonn",
    "age": 36,
    "email": "sfostern@csmonitor.com",
    "country": "Kazakhstan"
  },
  {
    "username": "pblacko",
    "age": 35,
    "email": "krayo@gravatar.com",
    "country": null
  },
  {
    "username": "jhughesp",
    "age": null,
    "email": "sboydp@skype.com",
    "country": null
  },
  {
    "username": "drodriguezq",
    "age": 65,
    "email": "cmorrisq@networksolutions.com",
    "country": "Ivory Coast"
  },
  {
    "username": "dperezr",
    "age": 60,
    "email": "eleer@chronoengine.com",
    "country": null
  },
  {
    "username": "kgrahams",
    "age": 55,
    "email": "acunninghams@hibu.com",
    "country": null
  },
  {
    "username": "dburket",
    "age": 19,
    "email": "jmurphyt@google.es",
    "country": null
  },
  {
    "username": "mbradleyu",
    "age": 28,
    "email": "jreedu@msn.com",
    "country": null
  },
  {
    "username": "djenkinsv",
    "age": 39,
    "email": "asimsv@spiegel.de",
    "country": null
  },
  {
    "username": "pmorenow",
    "age": null,
    "email": "adavisw@google.co.jp",
    "country": null
  },
  {
    "username": "lelliottx",
    "age": 22,
    "email": "erossx@ox.ac.uk",
    "country": null
  },
  {
    "username": "jmeyery",
    "age": 66,
    "email": "jnguyeny@nature.com",
    "country": null
  },
  {
    "username": "whernandezz",
    "age": 59,
    "email": "calexanderz@eepurl.com",
    "country": "Czech Republic"
  },
  {
    "username": "rgarcia10",
    "age": null,
    "email": "lhenry10@goodreads.com",
    "country": null
  },
  {
    "username": "dwest11",
    "age": 52,
    "email": "jmorales11@ibm.com",
    "country": null
  },
  {
    "username": "cgonzales12",
    "age": 67,
    "email": "gchapman12@mail.ru",
    "country": null
  },
  {
    "username": "bmendoza13",
    "age": null,
    "email": "ktorres13@admin.ch",
    "country": null
  },
  {
    "username": "awilson14",
    "age": 36,
    "email": "kstewart14@flavors.me",
    "country": null
  },
  {
    "username": "jtucker15",
    "age": 43,
    "email": "cwilliamson15@fema.gov",
    "country": null
  },
  {
    "username": "hmurray16",
    "age": 32,
    "email": "jnguyen16@icio.us",
    "country": null
  },
  {
    "username": "amorgan17",
    "age": 34,
    "email": "lburke17@upenn.edu",
    "country": null
  },
  {
    "username": "anichols18",
    "age": 30,
    "email": "jpeters18@theguardian.com",
    "country": "Dominican Republic"
  },
  {
    "username": "mreyes19",
    "age": 20,
    "email": "fdiaz19@github.io",
    "country": null
  },
  {
    "username": "cnichols1a",
    "age": null,
    "email": "hcarr1a@gizmodo.com",
    "country": null
  },
  {
    "username": "pclark1b",
    "age": 16,
    "email": "bhoward1b@cocolog-nifty.com",
    "country": null
  },
  {
    "username": "adavis1c",
    "age": 37,
    "email": "dthomas1c@mapquest.com",
    "country": null
  },
  {
    "username": "emartinez1d",
    "age": 24,
    "email": "djohnson1d@csmonitor.com",
    "country": null
  },
  {
    "username": "crussell1e",
    "age": 42,
    "email": "tsmith1e@surveymonkey.com",
    "country": null
  },
  {
    "username": "along1f",
    "age": 19,
    "email": "jreyes1f@patch.com",
    "country": null
  },
  {
    "username": "efields1g",
    "age": null,
    "email": "sgutierrez1g@icio.us",
    "country": "Armenia"
  },
  {
    "username": "vnguyen1h",
    "age": null,
    "email": "jchapman1h@hao123.com",
    "country": null
  },
  {
    "username": "bedwards1i",
    "age": null,
    "email": "pkennedy1i@china.com.cn",
    "country": "Ivory Coast"
  },
  {
    "username": "jgibson1j",
    "age": 53,
    "email": "badams1j@whitehouse.gov",
    "country": null
  },
  {
    "username": "rgibson1k",
    "age": 55,
    "email": "acole1k@elpais.com",
    "country": "Afghanistan"
  },
  {
    "username": "mparker1l",
    "age": 37,
    "email": "jrose1l@youtu.be",
    "country": "Palestinian Territory"
  },
  {
    "username": "amason1m",
    "age": 18,
    "email": "bholmes1m@wired.com",
    "country": null
  },
  {
    "username": "bhamilton1n",
    "age": 68,
    "email": "pruiz1n@youtube.com",
    "country": null
  },
  {
    "username": "sscott1o",
    "age": 58,
    "email": "chicks1o@list-manage.com",
    "country": null
  },
  {
    "username": "bjohnson1p",
    "age": 46,
    "email": "dmyers1p@yahoo.co.jp",
    "country": null
  },
  {
    "username": "emurray1q",
    "age": null,
    "email": "hwashington1q@bing.com",
    "country": "United States"
  },
  {
    "username": "mmoore1r",
    "age": 50,
    "email": "jalexander1r@youtu.be",
    "country": null
  },
  {
    "username": "ksims1s",
    "age": null,
    "email": "wkelley1s@cocolog-nifty.com",
    "country": null
  },
  {
    "username": "mking1t",
    "age": 30,
    "email": "pgardner1t@goodreads.com",
    "country": null
  },
  {
    "username": "rcarr1u",
    "age": null,
    "email": "cowens1u@omniture.com",
    "country": null
  }
]